page	text	source
1	"to
Durls al-lughah al-‘Arabiyyah li-ghayr al-natiqgin biha
Book 1
7 ‏ا‎
‎(7 mn
By:
Dr. V. Abdur Rahim
NN NL bg NN AN
v= | ‏ا‎ | LRA
‏كارع‎
‎we ‏ع بن ) اا‎
FRSA
‏الجتزالاول‎ La
LQTORONTC"	madinah-arabic-book-3-key
2	"Explanation of certain Grammatical Terms & Symbols
I'd
1. Fathah is the vowel sign (===) denoting “a”.
2. Kasrah is the vowel sign ( — ) denoting “i”.
‏و‎
‎3. Dammah is the vowel sign (==) denoting “u”.
°
4. Sukiin is the sign (===) denoting absence of a vowel.
0

5. 518008 is the sign (===) denoting doubling of the letter.

“a” is long “a” as in father.

“1” is long “1” as in machine.

“0” is long “u” as in rule.

2"	madinah-arabic-book-3-key
3	"LESSON 1
In this lesson we learn the following things:
What is this? ‏ما هذا ؟‎
This is a book. . < ‏هذا كنا‎
Is this a house? ¢ EZ ‏اهذا‎
‎Yes, this is a house. . El ‏َعَم » هذا‎
0 0 2 © 2 1
No, this is a mosque. ‏لا » هذا مَسْحد.‎
Who is this? ‏هذا ؟‎ op
1. ‏هذا‎ is pronounced ١ 31a, but it is written without the first alif.
2. Arabic has no word corresponding to the English «is», i.e. Arabic has no copula.
3. There is no word in Arabic corresponding to «a» in English as in:
«This 1s a book».
The n-sound at the end of the Arabic noun (kitabu-n, baytu-n, masjidu-n) is the
Arabic indefinite article corresponding to the English «a»/«an».
This n-sound is called 107711777.
4. The particle | placed at the beginning of a statement turns it into a question, e.g.,
This is a house . El ‏هذا‎
‏ى|‎ LL “. £
Is this a house? ‏اهذا بيت ؟‎
3"	madinah-arabic-book-3-key
4	"Vocabulary
oS house A, boy
ola mosque a) WL student
‏بَابٌ‎ door = man
‏كتابٌ‎ book ‏تاجرٌ‎ merchant
NE pen ‏كل‎ dog
z li key Ls cat
255 writing table jibes donkey
ge bed 3 ‏حصا‎ horse
‏كُرْبِيٌ‎ chair res camel
oe star ‏ديكٌ‎ rooster
‏قميم*‎ shirt ‏درس‎ teacher
Sb doctor ‏منديل‎ kerchief
4"	madinah-arabic-book-3-key
5	"LESSON 2
LESSON 2
In this lesson, we learn the use of OIE meaning «that», and 3 meaning «and», e.g.:
« . 2 ‏ره د 2 8 ~ ا‎ >
This is a house and that is a mosque. ‏هذا بيت ود لك مسحد.‎
1. al 3 is pronounced oy ‏ذا‎ but is written without the «/if.
2. The word ‏و‎ is written close to the word following it.
,, . oe 8
2 La imam ‏شكر‎ sugar
~~ stone = milk
5"	madinah-arabic-book-3-key
6	"LESSON 3

LESSON 3

In this lesson we learn the use of the Arabic definite article «al» which

corresponds to the English «they.

When the definite article «al» is prefixed to a noun naturally the indefinite article

«ny is dropped, e.g.:

Ld or 2 oc.
baytu-n ‏جم‎ al-baytu

Arabic has 28 letters. Of these 14 are called solar letters, and the other 14 are called

lunar letters.

In the articulation of the solar letters the tip or the blade of the tongue is involved

as in t. 1.1. s, etc. The tip or the blade of the tongue does not play any part in the

articulation of the lunar letters as b, w, m, k, etc.

When « J |» is prefixed to a noun beginning with a solar letter the « J »

of « J |» is assimilated to the solar letter, e.g. al-shamsu (the sun) is pronounced

ash-shamsu.

No change takes place in writing ( ‏لشمسُ‎ |). The assimilation is indicated by the

shaddah on the first letter of the noun.

No such assimilation takes place with the lunar letters, e.g., al-qamaru (the moon)

is pronounced al-gamaru (od) ).

Here are some more examples of the assimilation of the «I» of «al» to the solar letter
al-najmu becomes an-najmu al-rajulu becomes ar-rajulu
al-diku ~~ becomes ad-diku al-samaku becomes as-samaku

See the table of lunar and solar letters (page 19 in the Arabic section).

Note that the «a» of «aly» is pronounced only when it is not preceded by another

word. If it is preceded by a word it is dropped in pronunciation, though it remains

in writing, e.g. al-baytu. Here the «a» is pronounced, but if it is preceded by «waw»»
meaning «andy the «ay» is dropped and the phrase is pronounced wal-baytu, not wa
al-baytu.

To indicate this omission in pronunciation this sign «“?» is placed above the hamzah:

2 oot
The initial vowel (a, i, or u) which is omitted when preceded by a word is called
6"	madinah-arabic-book-3-key
7	"hamzatu 1-1
2° _
The door is open. : ‏مَفْتوح‎ ia]
The pen is broken. . ‏إ لقلم مَكَسُورٌ‎
Note: We have learnt that 101111771 is the indefinite article, and it is to be translated as
«ay, e.g.
2 or
‏هه بيت‎ house
This does not apply to adjectives like: 7 és, (open), and
‏مَكَسُورٌ‎ (broken), etc.
2 rich X ‏فقي‎ poor
‏طويل‎ tan X “25 short
3,4 cold X ‏حار‎ hot
‏جا لمن‎ sitting X Cab ‏وا‎ standing
‏جديد‎ new X RE old
‏ب‎ 218
‏قريب‎ near X A= far away
Ca lai clean X ‏وسخ‎ dirty
‏صغيرٌ‎ small X ‏كبر‎ big
‏خفيفٌ‎ light X ‏ثقيل‎ heavy
8 » ‏سم‎ a .
‏الورق‎ paper ‏الْمَاءُ‎ water
nh aR ‏ص‎ .
a ‏التفا‎ apple ‏جميل‎ beautiful
0 wd a 2
‏الد كان‎ shop ‏مريض‎ sick pies sweet
7"	madinah-arabic-book-3-key
8	"LESSON 4
LESSON 4
In this lesson we learn the use of prepositions.
1. Arabic nouns have endings to show their functions in the sentence. The normal
ending of a noun is -u as in
END ‏زه مم‎
The house is new. al-baytu jadid-u-n ‏البيّت جديد.‎
ARTY
A noun with the normal ending is called ‏.مرفوحع‎
‎After a preposition this ending changes to: -i e.g.:
2 ‏ره‎
‎al-bayt-u (the house) ‏البيت‎
‎fi I-bayt-i (in the house)"" CIA ‏فى‎
‎1 0
bayt-u-n (a house) ‏بيت‎
‎fi bayt-i-n (in a house) ‏فى بيت‎
al- maktab-u (the table) CASS
‘ala I-maktab-i (on the table) ‏على إ لمحتب‎
A noun preceded by a preposition is said to be ges .
2. In this lesson we also learn two pronouns: a (he, it), and A (she, it).
In Arabic all nouns are either masculine or feminine.
‏ا‎ The word ‏فى‎ has a long «i». But when it is followed by «al» the «1» is shortened because in Arabic
long vowels are not followed by a consonant which has no vowel. (f11 — fil)
8"	madinah-arabic-book-3-key
9	"LESSON 4
A masculine noun is referred to by the pronoun a whether it denotes a human
being, an animal or a thing. e.g.:
27 oF
Where is the boy? ¢ SUS) ‏اين‎
‎0 0 ‏نا‎ rd ٠ ‏م7 ص‎
He is in the mosque. . Joel) | ‏هو فى‎
Where is the book? tS Es) ‏اين‎
‏ور 7-2 ا سر‎
It is on the table. . ‏هو على | لمكتب‎
And a feminine noun is referred to by the pronoun ‏هي‎ whether it denotes a
human being, an animal or a thing. e.g.:
- x ~~ o£
Where is Aminah? ¢ ‏إ منه‎ CR
She is in the house. . ‏هي فى البيّت‎
A P o£
Where is the watch? ¢ Ell) CR
It is on the bed. . ‏على إ لسَرير‎ (A
Most feminine nouns end with a round 7a «&» but there are some which do not
have any special ending.
1. We have learnt that the ranwin is the indefinite article, e.g. Eo a house. This
1
rule does not apply to proper nouns. So ‏كاماد‎ is just «Hamid», not «a Hamid».
Co. 2 T ‏7ه و‎ 2 7 .
2. Feminine proper nouns have no ranwin, e.g.: dsl « aj « ‏.فا طِمَة‎
9"	madinah-arabic-book-3-key
10	"AVE | bathroom ‏لمِرْحخَاضُ‎ | toilet ‏على‎ on
Flas ١ kitchen oy) where LES sky
‏سك‎ so -
‏في‎ in ‏غرفة‎ room ‏الفصل‎ classroom
10"	madinah-arabic-book-3-key
11	"LESSON 4a
In this part we learn two more prepositions: oy meaning «from» and ‏الى‎ meaning
«to».
We also learn two more pronouns: Gi (I) and ‏أنتَ‎ (You).
Gl (I) is for both masculine and feminine, e.g.
aR 2 - ‏و‎ JE
I am Muhammad. ‏انا محمد.‎
‏م ا‎ 2
I am Aminah. ‏انا امنة.‎
But El (you) is only for masculine singular. You will learn the feminine and plural
forms later.
We also learn here two verbs ‏هب‎ 8 (he went) and CA (he went out).
Note the following:
Where is Bilal? ¢ ‏اين بلال‎
He went to the mosque. . ‏إلى إ لمَسْحدٍ‎ Ca 3
Bilal went to the mosque. . ESN ‏إلى‎ J ‏بلا‎ Ca 8
So ‏هب‎ 5 means «he went» but if it is followed by a noun as the subject, the pronoun |
«hey is dropped. |
‏من‎ from (if it is followed by J | it becomes ‏(مِن‎
‏إلى‎ to ‏لهند‎ | India ‏لمدَرَسَةُ‎ | school
‏فر 2,2 3 ا ا ل‎
SLL Japan ‏المد ير‎ headmaster soll market
ye] ١ China ‏لفَلبينُ‎ ١ Philippines ina ‏الحا‎ university
11"	madinah-arabic-book-3-key
12	"LESSON 5
In this lesson we learn the following:
1. Bilal’s book (kitdbu bildl-i-n) ‏كتابٌ بلال‎
. . . ~ N ‏ذه ل‎
The imam’s house (bayt-u-1-imam-i) ‏بيت إ . مام‎
In ‏كنا ب بلال‎ the first word is the thing possessed.
It is called miudaf. The second word ‏بلال‎ is the possessor. It 1s called mudaf ilayhi.
a) that the mu daf takes neither the definite nor the indefinite article. So it is wrong
to say Ju SS or ‏بلال‎ ESN. The 1711/07/18 definite by position, and does
not need the definite article.
b) the mudaf ilavhi is ‏مَحْرُورٌ‎ . It can have 101771171 as in the first example or J | as
in the second example.
By TE
bilal-u-n bayt-u bilal-i-n
A ” 2 2 or
‏بيت الإمَام الإمَام‎
al-imam-u bayt-u 1-imam-i
c) ‏مَن‎ LS (whose book?). Note that ‏مَنْ‎ is not ‏مَحَرُور‎ because it is indeclinable,
i.e., it does not change to indicate its function. There are certain indeclinable nouns
in Arabic which remain unchanged.
d) ‏على مكحتب إ لمدرس‎ . Note that ‏مكتب‎ 15 ges because of the preposition ‏على‎
‎and ‏و المد رس‎ pry because it is mudaf ilavhi.
12"	madinah-arabic-book-3-key
13	"LESSON 5
2. LS (under). The noun following ‏تحت‎ is ‏مَجْرُورٌ‎ because it is mudaf ilavhi:
3. U is a vocative particle. A noun following ‏يا‎ has only one dammah:
4 “0 2 - A os 2 A 7 2 ia 7 2
SE 5 ¢ ‏ميا شيخ‎ J ‏بلا‎ َ not J ‏بلا‎ i etc.
4. The words a | and ‏بن‎ | commence with /101120/ I-wasl. When preceded by a word
the initial «i-» is dropped in pronunciation.
Le T ° ‏مر بي ال 1ه‎ °
*6. ‏إ لبنت إ منه‎ a ‏و‎ ¢ J ‏بلا‎ SUN ‏إِسْم‎ ٍ
ism-u I-walad-i bilal-u-n wa sm-u I-bint-i aminat-u
, ped 7 ‏ل‎ pr 1 27 ‏مي و‎
ibn-u I-mudarris-i tabib-u-n wa bn-u l-imam-i tajir-u-n
le ¢ 4 # of 7 ‏ا‎
‎* ‏أيْنَ 257 حَامِدٍ ؟‎
ayna bn-u hamid-i-n?
|
2 vy a 10 2. 2
J sil the messenger Calas closed ‏السيّارَة‎ car
2 oy
‏لعَم‎ | paternal uncle ‏لاسشم‎ | name ‏هنا‎ here
gE Ee wu bag TEE,
& ‏الشا‎ street ‏هناك 5 الحقيبة‎ there
‏ما ب‎ briefcase
[3 5
‏بدو‎ 2 ° T, 4 © .
‏الكَمْبَة‎ al-Ka‘bah ‏نحت‎ unde ‏البنت‎ daughter, girl
‏ا‎ beneath :
2 - 0 Ww
‏الخال‎ maternal uncle ‏لابن‎ | son ‏الطبيبث‎ doctor
13"	madinah-arabic-book-3-key
11	"LESSON 4a
In this part we learn two more prepositions: oy meaning «from» and ‏الى‎ meaning
«to».
We also learn two more pronouns: Gi (I) and ‏أنتَ‎ (You).
Gl (I) is for both masculine and feminine, e.g.
aR 2 - ‏و‎ JE
I am Muhammad. ‏انا محمد.‎
‏م ا‎ 2
I am Aminah. ‏انا امنة.‎
But El (you) is only for masculine singular. You will learn the feminine and plural
forms later.
We also learn here two verbs ‏هب‎ 8 (he went) and CA (he went out).
Note the following:
Where is Bilal? ¢ ‏اين بلال‎
He went to the mosque. . ‏إلى إ لمَسْحدٍ‎ Ca 3
Bilal went to the mosque. . ESN ‏إلى‎ J ‏بلا‎ Ca 8
So ‏هب‎ 5 means «he went» but if it is followed by a noun as the subject, the pronoun |
«hey is dropped. |
‏من‎ from (if it is followed by J | it becomes ‏(مِن‎
‏إلى‎ to ‏لهند‎ | India ‏لمدَرَسَةُ‎ | school
‏فر 2,2 3 ا ا ل‎
SLL Japan ‏المد ير‎ headmaster soll market
ye] ١ China ‏لفَلبينُ‎ ١ Philippines ina ‏الحا‎ university
11"	madinah-arabic-book-3-key
12	"LESSON 5
In this lesson we learn the following:
1. Bilal’s book (kitdbu bildl-i-n) ‏كتابٌ بلال‎
. . . ~ N ‏ذه ل‎
The imam’s house (bayt-u-1-imam-i) ‏بيت إ . مام‎
In ‏كنا ب بلال‎ the first word is the thing possessed.
It is called miudaf. The second word ‏بلال‎ is the possessor. It 1s called mudaf ilayhi.
a) that the mu daf takes neither the definite nor the indefinite article. So it is wrong
to say Ju SS or ‏بلال‎ ESN. The 1711/07/18 definite by position, and does
not need the definite article.
b) the mudaf ilavhi is ‏مَحْرُورٌ‎ . It can have 101771171 as in the first example or J | as
in the second example.
By TE
bilal-u-n bayt-u bilal-i-n
A ” 2 2 or
‏بيت الإمَام الإمَام‎
al-imam-u bayt-u 1-imam-i
c) ‏مَن‎ LS (whose book?). Note that ‏مَنْ‎ is not ‏مَحَرُور‎ because it is indeclinable,
i.e., it does not change to indicate its function. There are certain indeclinable nouns
in Arabic which remain unchanged.
d) ‏على مكحتب إ لمدرس‎ . Note that ‏مكتب‎ 15 ges because of the preposition ‏على‎
‎and ‏و المد رس‎ pry because it is mudaf ilavhi.
12"	madinah-arabic-book-3-key
13	"LESSON 5
2. LS (under). The noun following ‏تحت‎ is ‏مَجْرُورٌ‎ because it is mudaf ilavhi:
3. U is a vocative particle. A noun following ‏يا‎ has only one dammah:
4 “0 2 - A os 2 A 7 2 ia 7 2
SE 5 ¢ ‏ميا شيخ‎ J ‏بلا‎ َ not J ‏بلا‎ i etc.
4. The words a | and ‏بن‎ | commence with /101120/ I-wasl. When preceded by a word
the initial «i-» is dropped in pronunciation.
Le T ° ‏مر بي ال 1ه‎ °
*6. ‏إ لبنت إ منه‎ a ‏و‎ ¢ J ‏بلا‎ SUN ‏إِسْم‎ ٍ
ism-u I-walad-i bilal-u-n wa sm-u I-bint-i aminat-u
, ped 7 ‏ل‎ pr 1 27 ‏مي و‎
ibn-u I-mudarris-i tabib-u-n wa bn-u l-imam-i tajir-u-n
le ¢ 4 # of 7 ‏ا‎
‎* ‏أيْنَ 257 حَامِدٍ ؟‎
ayna bn-u hamid-i-n?
|
2 vy a 10 2. 2
J sil the messenger Calas closed ‏السيّارَة‎ car
2 oy
‏لعَم‎ | paternal uncle ‏لاسشم‎ | name ‏هنا‎ here
gE Ee wu bag TEE,
& ‏الشا‎ street ‏هناك 5 الحقيبة‎ there
‏ما ب‎ briefcase
[3 5
‏بدو‎ 2 ° T, 4 © .
‏الكَمْبَة‎ al-Ka‘bah ‏نحت‎ unde ‏البنت‎ daughter, girl
‏ا‎ beneath :
2 - 0 Ww
‏الخال‎ maternal uncle ‏لابن‎ | son ‏الطبيبث‎ doctor
13"	madinah-arabic-book-3-key
14	"LESSON 6
LESSON 6
In this lesson we learn:
1. ‏هذه‎ which is the feminine of ‏.هذا‎ It is pronounced ¢3\» but the a/if is omitted in
writing.
Lo. Lo. . ‏م‎ © NE re
This is a boy and this isa girl. . ‏بنت‎ olny Ay ‏هذا‎
‎2. Nouns and adjectives are made feminine by adding a ‏«ة»‎ at the end. The last letter
before the é takes a fathah «a» e.g.:
27 ‏و‎ Ys
Cr ‏مد‎ a Al ‏مد‎
‎mudarris-u-n ‏لست‎ mudarris-a-t-u-n
(teacher) (lady teacher)
Certain nouns have a separate form for feminine, e.g.:
I) |’ ©
son daughter
» % a of
brother sister
All nouns in Arabic are either masculine or feminine. Feminine nouns and adjectives
usually have the ‏ة‎ ending. But there are certain words which do not have this ending.
Students when learning a new noun must learn its gender also. Double members of
the body are usually feminine while single members are masculine, e.g.:
Feminine Masculine
0 3
4 hand Op ‏را‎ head
aR 0 - of
‏رجل‎ leg Cail nose
‏م >0 و‎
‏عين‎ eye ‏فم‎ mouth
‏و‎
‎28 2 ‏ع‎ Ro _
OA ear ‏وؤجه‎ face
14"	madinah-arabic-book-3-key
15	"3 J is a preposition meaning «belongs to, for» e.g.:
This belongs to Bilal and that belongs to Hamid. ‏مد.‎ J ay ¢ J ‏هذا لبلا‎
‏س‎ 2 °c
Praise belongs to Allah. . ‏الحمد لله‎
Note that the word ‏الله‎ becomes ‏لله‎ lillah-1 (belonging to Allah) by just dropping
the alif. There is no need to add /am to the word.
ped means «whose» or «belonging to whom» e.g.:
Whose is this? (Whom does this belong to?) ‏هذا ؟‎ ped
Whose is the book? ¢ SESS ‏لِمَن‎
‎Note that oe becomes ‏من‎ when followed by Ji.
4. ‏أيْضا‎ means «also», e.g.:
8 - 6 |
This is beautiful, ‏هذا جَميل؛‎ |
and that is also beautiful. ‏جَمِيلٌ.‎ ICH IG EY
5. ‏جداً‎ means «very», 1:
This 1s very big. ‏هذا كَبيرٌ جدا.‎
15"	madinah-arabic-book-3-key
16	"ع © و
‎nose‏ أ ‎iron (for ironing) Say‏ المكواة
‎or‏ - §
‎١ mouth‏ لفم ‎cow‏ | )8,4
) ° سن 2
‎cooking pot (fem.)‏ القدر ‎dix1 bicycle‏
‎A I‏
‎ear‏ الأذن ‎spoon‏ الملعقة
‎eye‏ | لعَينُ ‎farmer‏ الفلا ‎C‏
‏. , 2 42
‎mother A hand‏ | لام
‎father gel leg‏ الاب
‎Wi‏ 2
‎ASU fridge Bir fast‏
‎window‏ النافذة ‎tea‏ الشاى
‎east‏ الشرّق ‎Comal west‏
‎ALL‏
‎coffee‏ | لقهوَّة
16"	madinah-arabic-book-3-key
17	"[LESSON 7
In this lesson we learn Ell which is feminine of BIE (that) e.g.:
28 2 1 2 ‏هج‎
‎This is Bilal and that is Hamid. ‏حَامد.‎ E35 (I ‏هذا‎
‎NE ‏عد . واد‎ > 1 P WO SE
This is Aminah and that is Maryam. . ‏وتلك مريم‎ (dn ‏هده‎
‏الناقة‎ she-camel
aw
dal duck
2 woe
Lo ad | nurse
ial egg
‏و‎ ©
J 5 4d | mur adhdhin (The person who calls Az)
A 75
‏الدحاخة‎ hen
17"	madinah-arabic-book-3-key
18	"LESSON §&

In this lesson we learn:

1. How to say «this book» in Arabic. We have seen that ‏هذا كتاث‎ means
«this is a book». Now we learn that ‏هذا الكتاب‎ means «this book».
This is not a sentence.

To make it a sentence we must add a predicate e.g.:
td 0 7 pa
«This book is new» ‏جَديد.‎ LS ‏هذا‎

All demonstrative pronouns can be used to make this construction, e.g.:

. . Os AXE Tt

That man is an engineer. . Oy Liga ‏ذلك | لبجل‎
aR J P .

This watch is beautiful. cles ‏السّاعة‎ oda
Ly 2

That nurse is from Japan. 0 Lu Cr ‏لمُمَرْضَّة‎ ١ ‏تلك‎

2. We have seen that the normal ending of a noun is «-u» and it changes to «-i»

after prepositions and when the noun is a possessor, ©:

. . ‏ره 2 ص ل‎
The house is beautiful. . ues Cad

و . بر
بلا ‎J‏ فى ‎Bilal is in the house. . Cd‏
هذا مفتّاحخ البيّت . ‎This is the key of the house.‏

Nouns ending in long ‏سق»‎ have no endings. They remain unchanged, e.g.:
2131

This is America. . ‏هده إ مريكا‎
I am from America. ‘ ‏انا من إ مريكا‎

. . . ~ ° £ er ‏س‎ 2
He is the president of America. : ‏هو رئيس إ مريكا‎

18"	madinah-arabic-book-3-key
19	"3. Cals (behind), ‏م‎ A (in front of). The noun after these have «-i» ending because it
is mudaf ilavhi e.g.:
The house is behind the mosque. . ‏لمَسْحدٍ‎ | Cals KA
‏ا‎ ""ELA
Hamid is in front of the teacher. . ‏حامد امام المدرس‎
4, EES means «he sat».
Where did Muhammad sit? ‏أَينَ جَلَسَ محْمَدٌ ؟‎
He sat in front of the teacher. . ‏اما م إ لمُدَرّسِ‎ EES
‏مريكا‎ | America | oui ov Switzerland ‏نكلتدًا‎ | England
Jiles closed KSA | knife ‏لمُسْتشفى*‎ | hospital
LI LEE
gE) ‏لعرًا‎ | Iraq ‏المانيا‎ Germany
"" Note that the ‏ى‎ which is pronounced «/if has no dots.
19"	madinah-arabic-book-3-key
14	"LESSON 6
LESSON 6
In this lesson we learn:
1. ‏هذه‎ which is the feminine of ‏.هذا‎ It is pronounced ¢3\» but the a/if is omitted in
writing.
Lo. Lo. . ‏م‎ © NE re
This is a boy and this isa girl. . ‏بنت‎ olny Ay ‏هذا‎
‎2. Nouns and adjectives are made feminine by adding a ‏«ة»‎ at the end. The last letter
before the é takes a fathah «a» e.g.:
27 ‏و‎ Ys
Cr ‏مد‎ a Al ‏مد‎
‎mudarris-u-n ‏لست‎ mudarris-a-t-u-n
(teacher) (lady teacher)
Certain nouns have a separate form for feminine, e.g.:
I) |’ ©
son daughter
» % a of
brother sister
All nouns in Arabic are either masculine or feminine. Feminine nouns and adjectives
usually have the ‏ة‎ ending. But there are certain words which do not have this ending.
Students when learning a new noun must learn its gender also. Double members of
the body are usually feminine while single members are masculine, e.g.:
Feminine Masculine
0 3
4 hand Op ‏را‎ head
aR 0 - of
‏رجل‎ leg Cail nose
‏م >0 و‎
‏عين‎ eye ‏فم‎ mouth
‏و‎
‎28 2 ‏ع‎ Ro _
OA ear ‏وؤجه‎ face
14"	madinah-arabic-book-3-key
20	"LESSON 9
LESSON 9
Part A
In this lesson we learn:
1. The adjective in Arabic. The adjective in Arabic follows the noun it qualifies, i.e.
unlike in English it comes after the noun, e.g.:
te 7 ‏د‎ or
A new house ‏بيت جديد‎
In Arabic the adjective is called 76 Ee ), and the noun it qualifies is called
Cy Lj ‏ب‎ . . . . . . .
man ‘iit ( ‏مَنعُوت‎ ). The adjective is in agreement with the noun in the following
matters:
A) Gender. The adjective of a masculine noun is masculine, and that of a feminine
noun is feminine, e.g.:
B®. 7 * 1 2 2 . 7 aR’ ©
‏هه ولد صَغِيرٌ‎ Ge ‏بنت‎
‎a small boy a small girl
28 ” ‏ا 2 مهو‎ _
‏كِتابٌ جَدِيد‎ -< SYST vee
a new book a new car
B) Definite or indefinite article. If the noun is definite the adjective is also definite.
And if the noun is indefinite so is the adjective, e.g.:
. i aR P ‏و 2 بي‎ aR ~
Bilal is a new teacher. ‏بلال مدرسٌ جديد.‎
°o ~ 2 _ ‏إن‎
‎The new teacher is in the class. . ‏يد فى إ لفصل‎ Ae ry ‏المد‎
‎C) Case. The adjective has the same ending as the noun, e.g.:
This is a new house. (bayt-u-n jadid-u-n A
(bay 4 ) ‏هذا بيت جديد.‎
20"	madinah-arabic-book-3-key
15	"3 J is a preposition meaning «belongs to, for» e.g.:
This belongs to Bilal and that belongs to Hamid. ‏مد.‎ J ay ¢ J ‏هذا لبلا‎
‏س‎ 2 °c
Praise belongs to Allah. . ‏الحمد لله‎
Note that the word ‏الله‎ becomes ‏لله‎ lillah-1 (belonging to Allah) by just dropping
the alif. There is no need to add /am to the word.
ped means «whose» or «belonging to whom» e.g.:
Whose is this? (Whom does this belong to?) ‏هذا ؟‎ ped
Whose is the book? ¢ SESS ‏لِمَن‎
‎Note that oe becomes ‏من‎ when followed by Ji.
4. ‏أيْضا‎ means «also», e.g.:
8 - 6 |
This is beautiful, ‏هذا جَميل؛‎ |
and that is also beautiful. ‏جَمِيلٌ.‎ ICH IG EY
5. ‏جداً‎ means «very», 1:
This 1s very big. ‏هذا كَبيرٌ جدا.‎
15"	madinah-arabic-book-3-key
16	"ع © و
‎nose‏ أ ‎iron (for ironing) Say‏ المكواة
‎or‏ - §
‎١ mouth‏ لفم ‎cow‏ | )8,4
) ° سن 2
‎cooking pot (fem.)‏ القدر ‎dix1 bicycle‏
‎A I‏
‎ear‏ الأذن ‎spoon‏ الملعقة
‎eye‏ | لعَينُ ‎farmer‏ الفلا ‎C‏
‏. , 2 42
‎mother A hand‏ | لام
‎father gel leg‏ الاب
‎Wi‏ 2
‎ASU fridge Bir fast‏
‎window‏ النافذة ‎tea‏ الشاى
‎east‏ الشرّق ‎Comal west‏
‎ALL‏
‎coffee‏ | لقهوَّة
16"	madinah-arabic-book-3-key
17	"[LESSON 7
In this lesson we learn Ell which is feminine of BIE (that) e.g.:
28 2 1 2 ‏هج‎
‎This is Bilal and that is Hamid. ‏حَامد.‎ E35 (I ‏هذا‎
‎NE ‏عد . واد‎ > 1 P WO SE
This is Aminah and that is Maryam. . ‏وتلك مريم‎ (dn ‏هده‎
‏الناقة‎ she-camel
aw
dal duck
2 woe
Lo ad | nurse
ial egg
‏و‎ ©
J 5 4d | mur adhdhin (The person who calls Az)
A 75
‏الدحاخة‎ hen
17"	madinah-arabic-book-3-key
18	"LESSON §&

In this lesson we learn:

1. How to say «this book» in Arabic. We have seen that ‏هذا كتاث‎ means
«this is a book». Now we learn that ‏هذا الكتاب‎ means «this book».
This is not a sentence.

To make it a sentence we must add a predicate e.g.:
td 0 7 pa
«This book is new» ‏جَديد.‎ LS ‏هذا‎

All demonstrative pronouns can be used to make this construction, e.g.:

. . Os AXE Tt

That man is an engineer. . Oy Liga ‏ذلك | لبجل‎
aR J P .

This watch is beautiful. cles ‏السّاعة‎ oda
Ly 2

That nurse is from Japan. 0 Lu Cr ‏لمُمَرْضَّة‎ ١ ‏تلك‎

2. We have seen that the normal ending of a noun is «-u» and it changes to «-i»

after prepositions and when the noun is a possessor, ©:

. . ‏ره 2 ص ل‎
The house is beautiful. . ues Cad

و . بر
بلا ‎J‏ فى ‎Bilal is in the house. . Cd‏
هذا مفتّاحخ البيّت . ‎This is the key of the house.‏

Nouns ending in long ‏سق»‎ have no endings. They remain unchanged, e.g.:
2131

This is America. . ‏هده إ مريكا‎
I am from America. ‘ ‏انا من إ مريكا‎

. . . ~ ° £ er ‏س‎ 2
He is the president of America. : ‏هو رئيس إ مريكا‎

18"	madinah-arabic-book-3-key
19	"3. Cals (behind), ‏م‎ A (in front of). The noun after these have «-i» ending because it
is mudaf ilavhi e.g.:
The house is behind the mosque. . ‏لمَسْحدٍ‎ | Cals KA
‏ا‎ ""ELA
Hamid is in front of the teacher. . ‏حامد امام المدرس‎
4, EES means «he sat».
Where did Muhammad sit? ‏أَينَ جَلَسَ محْمَدٌ ؟‎
He sat in front of the teacher. . ‏اما م إ لمُدَرّسِ‎ EES
‏مريكا‎ | America | oui ov Switzerland ‏نكلتدًا‎ | England
Jiles closed KSA | knife ‏لمُسْتشفى*‎ | hospital
LI LEE
gE) ‏لعرًا‎ | Iraq ‏المانيا‎ Germany
"" Note that the ‏ى‎ which is pronounced «/if has no dots.
19"	madinah-arabic-book-3-key
20	"LESSON 9
LESSON 9
Part A
In this lesson we learn:
1. The adjective in Arabic. The adjective in Arabic follows the noun it qualifies, i.e.
unlike in English it comes after the noun, e.g.:
te 7 ‏د‎ or
A new house ‏بيت جديد‎
In Arabic the adjective is called 76 Ee ), and the noun it qualifies is called
Cy Lj ‏ب‎ . . . . . . .
man ‘iit ( ‏مَنعُوت‎ ). The adjective is in agreement with the noun in the following
matters:
A) Gender. The adjective of a masculine noun is masculine, and that of a feminine
noun is feminine, e.g.:
B®. 7 * 1 2 2 . 7 aR’ ©
‏هه ولد صَغِيرٌ‎ Ge ‏بنت‎
‎a small boy a small girl
28 ” ‏ا 2 مهو‎ _
‏كِتابٌ جَدِيد‎ -< SYST vee
a new book a new car
B) Definite or indefinite article. If the noun is definite the adjective is also definite.
And if the noun is indefinite so is the adjective, e.g.:
. i aR P ‏و 2 بي‎ aR ~
Bilal is a new teacher. ‏بلال مدرسٌ جديد.‎
°o ~ 2 _ ‏إن‎
‎The new teacher is in the class. . ‏يد فى إ لفصل‎ Ae ry ‏المد‎
‎C) Case. The adjective has the same ending as the noun, e.g.:
This is a new house. (bayt-u-n jadid-u-n A
(bay 4 ) ‏هذا بيت جديد.‎
20"	madinah-arabic-book-3-key
30	"‎g Py "" <, @ Cd 2...‏ 2 إن
السَّاعَة التي ‎onl SA Je‏
‎The watch which is on the table belongs to the teacher.‏
‎(this is your book).‏ هذا كنا ‎(your book). Now note 3) oY‏ كنا بك ‎We have learnt‏ .4
‎Here - | has been added for emphasis. This is used in case there is doubt or dispute.‏
هذا ‎Lr i‏ هذا قلمى أنا. ذُلِكٌ ‎PEs‏ هئ .
‎I 2‏
‎paternal uncle § eid) tree‏ | )=
‎Syria‏ سُوريًا ‎Lo) paternal aunt‏
| ا ماد ‎“ty ~ 1 maternal Mow sq‏
‎dyed middle school‏ إ لمتوسطة ‎uncle‏ الخال
‎LE wo‏
‎inspector‏ أ لمفتشُ ‎maternal aunt‏ الخالة
‎A . . AT‏ ال
‎young lady‏ الفتاة ‎maternity hospital‏ مُسْتشفى ‎SY‏ 3
‎ey‏ 2 . سس ¥
‎Sir! ETN ١ notebook‏ يا سَيدى
‎Malaysia‏ مَالِيز ‎aves lL Madam! Lb‏
‎lle aC how are you? Rt‏ ¢
مد أن 77 ‎how do you do?‏ يف خالك !
‎yu . 2‏ "" 2 8 3
‎fathers (pl. of 1)‏ اباءٌ ‎Les! mothers (pl. of al)‏ -
(عالم ‎(Lode scholars (pl. of‏ (مز ير ‎ministers (pl. of‏ زرا 8
(ضعيفٌّ ‎weak (pl. of‏ ضعاف )43 7 ‎strong (pl. of‏ 481 ج
‎because it is mudaf ilavhi).‏ محر و ‎is‏ بعد ‎after (the noun following‏ بعد
‎Kingdom of Saudi Arabia‏ المملكة العَرَبيّةُ السعُودِيَةُ
30"	madinah-arabic-book-3-key
21	"I am in a new house. (1 bayt-i-n jadid-i-n) ‏جَدِيدٍ‎ Be ‏فى‎ Gi
The new house 1s beautiful. (al-bayt-u 1-jadid-u) os sd Lo)
Who is in the new house? (11 [-bayt-i 1-jadid-i) ¢ ‏الجَدِيدٍ‎ a ‏فى‎ 5
2. Adjectives ending in «-an» have no ranwin, e.g.:
oes lazy
8 pes hungry
8 alas thirsty
5a full
igs) fruit ‏لإنكليرية‎ | English (language)
‏لعُضْفُورٌ‎ | sparrow ‏صعث‎ difficult |
IR bird FRA city
£21 Arabic ‏القاهرة‎ Cairo
84 | language ‏يوم‎ | today
vee easy 130] why
EVES hardworking IR ١ cup
‏شهيرٌ‎ famous
21"	madinah-arabic-book-3-key
31	"LESSON 3
Part A

In this lesson we learn:

1. The plurals of nouns and adjectives. In English, adjectives have no plural form.
We say: «good man» and «good men». But in Arabic even adjectives have plural
forms.

In English we have two kinds of plural forms:
1) Sound, and (2) Broken
In the sound plural the word retains its original form e.g.:
book << books, pen —> pens.
In the broken plural the original form of the word is changed to a great extent e.g.:
man —> men, woman —> women.
In Arabic we have these two kinds of plural forms: sound and broken.
I) The sound plural is either masculine or feminine. The sound masculine plural
has «tina» ending, e.g.:
28 \ °o A — 9 2 1 ‏مه‎
‎muslim-u-n muslim-iina
‏ا‎ 2 Y
Cr Ja ‏رَسُون جب‎ Joa
mudarris-u-n mudarris-iina
The sound feminine plural has «at-u-n» ending, e.g.:
2 Pa [+] A Pd [+]
‏ث هب مُسْلِمَة‎ Lis
muslim-at-u-n muslim-at-u-n
‏دق رد‎ pe °-
muhandis-at-u-n muhandis-at-u-n
Note that in this plural form the singular has short «a» before the «t» («muslim-at-
u-n»), and the «t» is round ‏,(ة)‎ whereas in the plural the «a» is long, and the «t» is
open («muslim-at-u-ny»).
In pronunciation the only difference between the singular and the plural is the
shortness and length of «a»: muslimat-u-n ~~ muslimat-u-n
31"	madinah-arabic-book-3-key
22	"Part B
In this part we learn:
1. Adjective qualifying a definite noun, e.g.:
2 2 ” of
Where is the new teacher? ¢ ‏الجديد‎ Cp ye) Oe)
2. Relative pronoun ‏لذي‎ I. If it refers to a human being it is to be translated «who»,
and if it refers to an animal or a thing it is translated «which», e.g.:
~ so _ ~ ‏ب‎ 7
‏الرّجُلُ الذي خَرّجَ مِنَ المَسْجِدٍ الأن تَاجرّ شهيرٌ.‎
The man who went out of the mosque just now is a famous
merchant.
RAC UPA ‏البِيتٌ الذي أَمَامَ‎
The house which is in front of the mosque belongs to the imam.
3. Note that when ‏ل‎ is used with a noun having i, the alif of Ji is omitted.
‏للامَام | ب الإمَام‎
‏و""‎ 7
‏ل و للا‎ og
‏رس‎ Jd ‏للمد رص هب‎
4 Ls (with). The noun following it has «-1» ending because it is mudaf ilavhi, e.g.:
0 w Pe
The teacher is with the headmaster. ‏ير.‎ SN ‏عند‎ Cp yd
22"	madinah-arabic-book-3-key
23	"2° RA TI ‏ال‎
‏المكتبَة‎ library ‏المَدرسَة الثا نويه‎ secondary school
OY! now, just now ‏الوَزِيرٌ‎ minister
‏هناك‎ there ‏خحاد‎ sharp
FIPS clinic, small ‏الشوق‎ market
‏وب‎ hospital
J Co. ; 20 }
‏المروّحَة‎ fan ‏اندونيسيًا‎ Indonesia
o 7 : 2
Cu | Kuwait 2 ‏الشا‎ street
|
23"	madinah-arabic-book-3-key
32	"2) The broken plural. Unlike in English, the broken plural is very widely used in
Arabic. There are more than twenty patterns of the broken plural.
Some are given in this lesson. These are:

J 2° wo > ® ‏و‎
‎(1u2a3-u-n)* najm-un nujim-u-n
J ‏كِتَابٌ‎ LE
(1u2u3-u-n) kitab-u-n kutub-u-n
2 ‏م‎ Ed 2
(1i2a3-u-n) jabal-u-n jibal-u-n
IT PERT NR.
‏تجار تاجرٌ فغال‎
(1u22a3-u-n) tajir-u-n tujjar-u-n
oF 7 ‏""م‎
‏الام قل افعال‎
(al2a3-u-n) qalam-u-n aqlam-u-n
‏ل ب‎ 2 _ A
Ap FY) ‏زميل‎ IY
(22374) zamil-u-n zumala’-u
This is without tanwin
SPH EIR ENO
(al2133’-u) oy a
This is without tanwin Sadia adieu
pt ‏ب ان‎ 2 2 Id °
‏إ 2 فعلة‎ 6 > |
(li23at-u-n) akh-u-n ikhwat-u-n

The student is advised to learn the plural form of every new noun and adjective

he/she learns.

* The number 1, 2 and 3 refer to the first, second and third letters of the word.

2. The plural of IL» and ‏هذه‎ is <i» (ha’uld’i), e.g.
- 2 7 ‏د‎ 37
‏تجار هذا تاج‎ Via
This is a merchant. These are merchants.
32"	madinah-arabic-book-3-key
24	"LESSON 10
LESSON 10
In this lesson we learn:
1. The possessive pronouns: ‏كف ف هَاء ى‎
kitab-u-ka «your book». a4 ‏و‎
‎Here «your» is for masculine singular. 12
kitab-u-hii «his book» ey
kitab-u-ha «her book» ‏كتابها‎
‎kitab-T for kitab-u-T «my book» ‏كتابى‎
‎These pronouns are not full-fledged words. They are like suffixes attached to the
nouns.
2. We have seen «your book» is SLES and «his book is 4 Ls
The word for «father» is ‏اث‎ and for «brother» is ¢ 1
- 28 ‏و‎
‎«your brother» ‏اخوك مز‎ and not ‏.اخك‎
‎An extra waw ‏و‎ has to be added between the mudaf and the muddaf ilavhi. In the same
way «his father» is not 4! but 54) :
Note the following:
«Muhammad’s house» is SLES, Es
But «Muhammad's father» is SLES ‏ابو‎
‏ا‎ 2%
And «Muhammad’s brother» is ‏إ خو مُحَمَدٍ‎
«My father» and «my brother» have no extra waw, e.g. = Ie ‏بى‎ |
The nouns which take this extra waw when they are mudaf are five words.
You have learnt two, and you will learn the other three in the future ‏إن سا ع الله‎ .
24"	madinah-arabic-book-3-key
33	"‎yo Ee 14‏ ري اه
‎Via‏ مُدَرْسَاتٌ. ‎eda‏ مُدَرْسَة.
‎This is a lady teacher. These are lady teachers.‏
‎Note that Nia 1s mostly used with human beings. Its use to refer to non-human‏
‎beings is rare. See Lesson 16 to find out what word to be used with non-human‏
‎beings.‏
‏هم ‎The plural of ia (he) is - (they) (masculine). Unlike the singular pe the plural‏ .3
‎1s used to refer only to human beings, e.g.:‏
ذه ودلاو > مر 7ك فى
‎He is a teacher. They are teachers.‏
‎The plural of a (his) is — (their), e.g.:‏
‎ato. of‏ ه . .
إ بن بيتهم ¢ ‎Where is their house?‏
| 8 ون 4 زم 8 . .
| إ بوهم تا جر شهير. ‎Their father is a famous merchant.‏
‎Note that the words for (they) and (their) have the same form (+2) :‏
‎dhahabi.‏ 3 هُبُوا ‎(he went). Now «they went» is‏ 3 هب ‎We have learnt‏ .4
‎Note that there is an a/if at the end of the word which is not pronounced.‏
‎Note that the pronoun that we have learnt in this part of the lesson is masculine.‏
‎We will learn the feminine pronoun in Part B of this lesson.‏
‎Cyan (some), e.g.‏ .5
ده 4 ره 3 9% > دده 08% همد"" ‎“Wa‏
‏بعضهم مدرسون» وبعضهم مهند سود .
‎Some of them are teachers, and some (of them) are engineers.‏
جم ® 0 اي ‎wo. Z,‏
‎١ name‏ سم ) 3 1994 ‎young man‏ فتى ) 3 ‎(de‏
‏33"	madinah-arabic-book-3-key
21	"I am in a new house. (1 bayt-i-n jadid-i-n) ‏جَدِيدٍ‎ Be ‏فى‎ Gi
The new house 1s beautiful. (al-bayt-u 1-jadid-u) os sd Lo)
Who is in the new house? (11 [-bayt-i 1-jadid-i) ¢ ‏الجَدِيدٍ‎ a ‏فى‎ 5
2. Adjectives ending in «-an» have no ranwin, e.g.:
oes lazy
8 pes hungry
8 alas thirsty
5a full
igs) fruit ‏لإنكليرية‎ | English (language)
‏لعُضْفُورٌ‎ | sparrow ‏صعث‎ difficult |
IR bird FRA city
£21 Arabic ‏القاهرة‎ Cairo
84 | language ‏يوم‎ | today
vee easy 130] why
EVES hardworking IR ١ cup
‏شهيرٌ‎ famous
21"	madinah-arabic-book-3-key
22	"Part B
In this part we learn:
1. Adjective qualifying a definite noun, e.g.:
2 2 ” of
Where is the new teacher? ¢ ‏الجديد‎ Cp ye) Oe)
2. Relative pronoun ‏لذي‎ I. If it refers to a human being it is to be translated «who»,
and if it refers to an animal or a thing it is translated «which», e.g.:
~ so _ ~ ‏ب‎ 7
‏الرّجُلُ الذي خَرّجَ مِنَ المَسْجِدٍ الأن تَاجرّ شهيرٌ.‎
The man who went out of the mosque just now is a famous
merchant.
RAC UPA ‏البِيتٌ الذي أَمَامَ‎
The house which is in front of the mosque belongs to the imam.
3. Note that when ‏ل‎ is used with a noun having i, the alif of Ji is omitted.
‏للامَام | ب الإمَام‎
‏و""‎ 7
‏ل و للا‎ og
‏رس‎ Jd ‏للمد رص هب‎
4 Ls (with). The noun following it has «-1» ending because it is mudaf ilavhi, e.g.:
0 w Pe
The teacher is with the headmaster. ‏ير.‎ SN ‏عند‎ Cp yd
22"	madinah-arabic-book-3-key
23	"2° RA TI ‏ال‎
‏المكتبَة‎ library ‏المَدرسَة الثا نويه‎ secondary school
OY! now, just now ‏الوَزِيرٌ‎ minister
‏هناك‎ there ‏خحاد‎ sharp
FIPS clinic, small ‏الشوق‎ market
‏وب‎ hospital
J Co. ; 20 }
‏المروّحَة‎ fan ‏اندونيسيًا‎ Indonesia
o 7 : 2
Cu | Kuwait 2 ‏الشا‎ street
|
23"	madinah-arabic-book-3-key
24	"LESSON 10
LESSON 10
In this lesson we learn:
1. The possessive pronouns: ‏كف ف هَاء ى‎
kitab-u-ka «your book». a4 ‏و‎
‎Here «your» is for masculine singular. 12
kitab-u-hii «his book» ey
kitab-u-ha «her book» ‏كتابها‎
‎kitab-T for kitab-u-T «my book» ‏كتابى‎
‎These pronouns are not full-fledged words. They are like suffixes attached to the
nouns.
2. We have seen «your book» is SLES and «his book is 4 Ls
The word for «father» is ‏اث‎ and for «brother» is ¢ 1
- 28 ‏و‎
‎«your brother» ‏اخوك مز‎ and not ‏.اخك‎
‎An extra waw ‏و‎ has to be added between the mudaf and the muddaf ilavhi. In the same
way «his father» is not 4! but 54) :
Note the following:
«Muhammad’s house» is SLES, Es
But «Muhammad's father» is SLES ‏ابو‎
‏ا‎ 2%
And «Muhammad’s brother» is ‏إ خو مُحَمَدٍ‎
«My father» and «my brother» have no extra waw, e.g. = Ie ‏بى‎ |
The nouns which take this extra waw when they are mudaf are five words.
You have learnt two, and you will learn the other three in the future ‏إن سا ع الله‎ .
24"	madinah-arabic-book-3-key
25	"3. We have already learnt that the word ‏عند‎ meaning «with». It is also used to convey
the idea of «to have», e.g.:
¢ bs 0 ‏عند‎ | Have you a pen? (literally, Is there a pen with you?).
4. We have already learnt the preposition ‏ل‎ meaning «belonging to». When it is
attached to the pronouns it takes farhah ( J ):
al (belonging to you),
‏له‎ (belonging to him),
‏لهَا‎ (belonging to her),
but ‏لى‎ (belonging to me) has kasrah.
- 2 means «I have a brother», literally «A brother belongs to me. »
‏لى ف‎ means «I have a mouth», literally «A mouth belongs to me. »
It is wrong to say ‏عند ىا - / عندى ف‎ because Ls is used with things which are
separable, and relations and parts of the body are not of this nature.
5. We have learnt Ca 5 (he went). Now we learn Ca 3 (you went) (masculine
singular) and a3 (I went).
Did you go to the school today? ‏إ يوم‎ FENN) ‏اذهيت إلى‎
‏لج ل‎ . © >
Yes, I went. . ‏نعم » ذهبت‎
2 ‏م‎
‎6. We have learnt that feminine proper nouns have no fanwin e.g. al ye .
Likewise, masculine proper nouns with & ending also have no 10771077, e.g.:
4 A 4 ~ 2 Ao
. 4 gla ¢ ‏حمزة ¢ اسَامَة‎
25"	madinah-arabic-book-3-key
26	"LESSON 10
7. & means «with». To understand the difference between ‏مَعَ‎ and Ls remember that
if you say:
. ‏عند المُدِير‎ Lyd) (The teacher is with the headmaster).
It means that the teacher has gone to the headmaster’s office, and he is with him there,
but:
0 ‏و 272 الى‎
. ‏ير‎ A > ‏المدرسُ‎
‎doesn’t have this restriction. He can be with the headmaster anywhere.
Note that the noun after ‏مع‎ has ‏«اء»‎ ending because it is mudaf ilavhi.
8. d=s ‏بالخا‎ (at the university). ‏ب‎ is a preposition meaning «at» or «in».
fo ‏ا يي‎ Lu 8 2, 2 . . .
Note that &, sl ‏الجامعة الإسشلاميّة بالمدينة‎ means «The Islamic University at
Madinah Munawwarah.
9. In Lesson 1 we have learnt that ‏ما‎ means «what». This word is also used as a negative
. BE ’
particle. So ‏عندي سَيَارَة‎ Ls means «I don’t have a car.
gy ١ colleague, class-mate ‏لفتى‎ | young man
3 ‏زو‎ ١ husband ‏وَاحد‎ one
ak! child
26"	madinah-arabic-book-3-key
27	"LESSON 11
This is a revision lesson. It contains only two new words: Lg. / as and ‏اجحب‎
‎1. ‏فيه‎ means «in it», ‏:ع‎
‎Who is in the house? ¢ ed ‏فى‎ iY
2 1 ‏يي‎
‎There are my father and my mother in it. . ‏فيه | بى و م‎
2. The feminine is ‏,ِقِيهًا‎ :
° 2 « ©
Who is in the room? ¢ ‏من فى | لغرفة‎
There is my brother in it. ‏إ خى.‎ led
. 2
3. ‏حب‎ | means »] love, I like», ‏زع‎
‎I love my father, my mother, my 1 ‏ا‎ PE i : A . i 3 i |
brother and my sister. ISDS) ET
The object of a verb is ‏مَنصُوبٌ‎ i.e., it takes «-a» ending. But it does not appear in a |
noun which has the possessive pronoun of the first person singular attached to it. Here
are some examples of the object without the possessive pronoun of the first person:
M 3
(uhibbu l1ah-a): 1 love Allah. ‏الله.‎ Es
A
(uhibbu r-rasiil-a): I love the Messenger. : ‏لرَسُولَ‎ | So |
(uhibbu rasiil-a llahi): I love the Messenger ‏ب""‎ | 1 5 ar & ‏ا‎
‎of Allah. ‏جب رسول «: بار‎
. . . ‏و ب‎
(uhibbu 1-lughat-a I-‘arabiyyat-a): I love the Arabic “Eo >1١ 4 ‏ة؛‎
‎language. ١ iy | ‏حب اللغة‎ ّ
Here we can learn ‏تحب‎ (you love) (masculine singular).
27"	madinah-arabic-book-3-key
28	"|
Pet 3 ‏َو‎
‎Do you love Allah? ¢ all Col
SA ‏كو وى‎
Do you love your language? (lughat-a-ka) ‏؟‎ Glia WIEN)
‏م اله‎ 9
Whom do you love? ¢ ‏من تحب‎
‏ال ب‎
What do you love? ¢ ‏تحب‎ 13
NOTE: The words op and ‏مَاذا‎ do not have the «a» ending of being the object
because they are indeclinable, i.e., they remain unchanged.
28"	madinah-arabic-book-3-key
29	"LESSON 2
In this lesson we learn the following:
1. We have learnt before ‏انت‎ (you) for masculine singular. Now we learn ‏نت‎ | (you)
for feminine singular, e.g.:
‏م ال‎ of o£ °
Where are you from, Aminah? ‏من اين انت يا امنة ؟‎
The possessive pronoun from ‏نت‎ is 3 «kin, e.g.
Where is your house, Maryam? ¢ ‏مَرَيّم‎ 5 Sag ig""
2. We have already learnt that the possessive pronoun from i! is 5), e.g.
‏ير‎ ~ rd ‏م‎ , oF
Where is your house, Bilal? ‏إ بن 25 يا بلال ؟‎
We have already learnt ‏هب‎ 8 (he went), EI 3 (I went) and 2a 3 (you went).
Now we learn EI 3 (she went), e.g.:
A EF
Where is Aminah? ‏؟‎ Lal oR
She went to the university. . ‏إلى الجَامعَة‎ EY
If the subject is mentioned, the pronoun «she» has to be dropped, e.g.:
Maryam went to the school. ‏مَرَيّم إلى المَدرَسَةٍ.‎ EY
In RE 5 the last letter ‏ث‎ has sukiin. If a verb like this is followed by Ji the sukiin
is changed to kasrah, e.g.:
The girl went. . ‏ذهبت | لبنتٌ‎
3. We have already learnt ‏ي‎ A | (who, which) for masculine singular. Now we learn
‏لتى‎ | for feminine singular, e.g.:
3 USE y “Yo _ JE ° 1. Ki 5 @
The girl student who sat in front of the lady teacher is from Germany.
29"	madinah-arabic-book-3-key
34	"(hsb z) Jesh tall (J, z) it man
( ‏طلاث‎ a ١ od U> student Jp Hl people
(Sak z) RTS new (Lad z ) ‏قصب‎ short
( NE d ١ Calo guest ( 8 ‏حا : ) 3 ححا‎ pilgrim
( ‏وى‎ 3 ) Ls village  (& ss) z ١ ‏صديق‎ friend
‏حُقول‎ z) “Ja field abo] | restaurant, mess
( ENG a ) es class-mate 6 ‏أن‎ z) ‏ابن‎ son
Part B
In this part we learn the following:
1. The plural of ‏هئ‎ (she) is Ia e.g.
They are my brothers. . $3 2
and they are my sisters. . Er KY
The plural of ‏ها‎ (her) is Ia (their). Note that the pronouns for «they» and «their»
are the same.
They are my class-mates and this is their house. ٠ vt das ¢ ‏زميلاتى‎ ia
2. We have already learnt that the plural of ‏هذه‎ is is, 1.e., it is the same for both
the masculine and the feminine.
3. We have learnt in Part A that ‏هُبُوا‎ 5 means «they went» (masculine). «they went»
(feminine) is YE (dhahab-na), e.g.
34"	madinah-arabic-book-3-key
25	"3. We have already learnt that the word ‏عند‎ meaning «with». It is also used to convey
the idea of «to have», e.g.:
¢ bs 0 ‏عند‎ | Have you a pen? (literally, Is there a pen with you?).
4. We have already learnt the preposition ‏ل‎ meaning «belonging to». When it is
attached to the pronouns it takes farhah ( J ):
al (belonging to you),
‏له‎ (belonging to him),
‏لهَا‎ (belonging to her),
but ‏لى‎ (belonging to me) has kasrah.
- 2 means «I have a brother», literally «A brother belongs to me. »
‏لى ف‎ means «I have a mouth», literally «A mouth belongs to me. »
It is wrong to say ‏عند ىا - / عندى ف‎ because Ls is used with things which are
separable, and relations and parts of the body are not of this nature.
5. We have learnt Ca 5 (he went). Now we learn Ca 3 (you went) (masculine
singular) and a3 (I went).
Did you go to the school today? ‏إ يوم‎ FENN) ‏اذهيت إلى‎
‏لج ل‎ . © >
Yes, I went. . ‏نعم » ذهبت‎
2 ‏م‎
‎6. We have learnt that feminine proper nouns have no fanwin e.g. al ye .
Likewise, masculine proper nouns with & ending also have no 10771077, e.g.:
4 A 4 ~ 2 Ao
. 4 gla ¢ ‏حمزة ¢ اسَامَة‎
25"	madinah-arabic-book-3-key
39	"p ‏م‎
‎Which student went out? ¢ oa ‏اى طالب‎
When preceded by a preposition it is ‏مَحَرُورٌ‎ 85:
Which country are you from? (ayy-i) ‏انت ؟‎ oie es ‏من‎
‏17-غْ2‎ o 7 ¥ 1 ٠.
In which classroom did you sit? ‏؟‎ lls ‏فى اي فصل‎
Itcanbe ‏منصوب‎ e.g.
: 3 ‏به مج‎ et
Which language do you like? (ayy-a) ¢ ‏اى لغة تجب‎
‏وَمَرْخَبا‎ Ses 3 Sal welcome
‏و م عقو‎ 3 3 : .
‏طفلة‎ child (feminine) ‏ا الدسْتور‎
at “1s. prayer
‏المطا ر‎ 8 all direction
‏و‎ #2 ro,
‏لكلبّة‎ | faculty, college LoS) lawcourt
2١١ tad faculty of ns, ’
‏الطب‎ GS medicine (84a ‏حفيد (ج‎ 0 |
dodo LS faculty of ‏الحخديقة‎ garden
- engineering 7
‏تهات‎ tee faculty of 3 &
‏ا‎ y
2 ‏لتجا‎ Ls commerce = Lod
wr La faculty of Islamic Loa fy 4 ‏دف‎
‏كلبَة إ لشريعة‎ law ‏يوم إ لسبت‎ Saturday
‏نَصَرَانيٌ ) 23 نصَارى)‎ Christian ‏الشهرٌ‎ month
2 » -- ‏عط‎ month of
‏لنب‎ prophet ‏رحب‎ Rajab
¢ LI
‏الدين‎ religion OL od) Greece
IE . May Allah grant Mra Reo -
‏الله‎ alas him health! ‏ن)‎ >) ‘ 85>) a ) o | brother
39"	madinah-arabic-book-3-key
30	"‎g Py "" <, @ Cd 2...‏ 2 إن
السَّاعَة التي ‎onl SA Je‏
‎The watch which is on the table belongs to the teacher.‏
‎(this is your book).‏ هذا كنا ‎(your book). Now note 3) oY‏ كنا بك ‎We have learnt‏ .4
‎Here - | has been added for emphasis. This is used in case there is doubt or dispute.‏
هذا ‎Lr i‏ هذا قلمى أنا. ذُلِكٌ ‎PEs‏ هئ .
‎I 2‏
‎paternal uncle § eid) tree‏ | )=
‎Syria‏ سُوريًا ‎Lo) paternal aunt‏
| ا ماد ‎“ty ~ 1 maternal Mow sq‏
‎dyed middle school‏ إ لمتوسطة ‎uncle‏ الخال
‎LE wo‏
‎inspector‏ أ لمفتشُ ‎maternal aunt‏ الخالة
‎A . . AT‏ ال
‎young lady‏ الفتاة ‎maternity hospital‏ مُسْتشفى ‎SY‏ 3
‎ey‏ 2 . سس ¥
‎Sir! ETN ١ notebook‏ يا سَيدى
‎Malaysia‏ مَالِيز ‎aves lL Madam! Lb‏
‎lle aC how are you? Rt‏ ¢
مد أن 77 ‎how do you do?‏ يف خالك !
‎yu . 2‏ "" 2 8 3
‎fathers (pl. of 1)‏ اباءٌ ‎Les! mothers (pl. of al)‏ -
(عالم ‎(Lode scholars (pl. of‏ (مز ير ‎ministers (pl. of‏ زرا 8
(ضعيفٌّ ‎weak (pl. of‏ ضعاف )43 7 ‎strong (pl. of‏ 481 ج
‎because it is mudaf ilavhi).‏ محر و ‎is‏ بعد ‎after (the noun following‏ بعد
‎Kingdom of Saudi Arabia‏ المملكة العَرَبيّةُ السعُودِيَةُ
30"	madinah-arabic-book-3-key
26	"LESSON 10
7. & means «with». To understand the difference between ‏مَعَ‎ and Ls remember that
if you say:
. ‏عند المُدِير‎ Lyd) (The teacher is with the headmaster).
It means that the teacher has gone to the headmaster’s office, and he is with him there,
but:
0 ‏و 272 الى‎
. ‏ير‎ A > ‏المدرسُ‎
‎doesn’t have this restriction. He can be with the headmaster anywhere.
Note that the noun after ‏مع‎ has ‏«اء»‎ ending because it is mudaf ilavhi.
8. d=s ‏بالخا‎ (at the university). ‏ب‎ is a preposition meaning «at» or «in».
fo ‏ا يي‎ Lu 8 2, 2 . . .
Note that &, sl ‏الجامعة الإسشلاميّة بالمدينة‎ means «The Islamic University at
Madinah Munawwarah.
9. In Lesson 1 we have learnt that ‏ما‎ means «what». This word is also used as a negative
. BE ’
particle. So ‏عندي سَيَارَة‎ Ls means «I don’t have a car.
gy ١ colleague, class-mate ‏لفتى‎ | young man
3 ‏زو‎ ١ husband ‏وَاحد‎ one
ak! child
26"	madinah-arabic-book-3-key
35	"LESSON 13
‏مر ا‎ [+] oF
Where are your brothers? ¢ ‏اخوتك‎ op
They went to the university. ‏إلى الجَامعَة.‎ PWR
‏قا‎ EE
And where are your sisters? ¢ ‏إ خوّاتك‎ oR ‏و‎
‎They went to the library. . ‏هبن إلى إ لمكتَبَةِ‎ 3
4. We have already learnt the formation of the sound feminine plural. In the
pronunciation the «a» before the «t» is lengthened. In writing, in addition to this,
the «round ta» is changed to «open ta» e.g.:
2 2 [+] 2 ‏ص‎ [=]
‏تت يهب مُسْلمَة‎ Nv
muslimat-u-n ‏جه‎ muslimatu-n
Note that the following plurals are irregular:
‏يو‎ 0 LIP
bint-un banat-un
‏لي 2 © يي‎ 0 2
ukht-un akhawat-u-n
* Or
‏فتيّات فتاة‎
fatat-u-n fatayat-u-n
8 8 3 lady ‏م‎ _
wos 0 . gol! “0 wr | * ‏ع‎ To 2 . .
‏زوجة‎ wife ‏استاذة‎ professor ‏مستشفى | لولادة‎ maternity hospital
# eg we © gE -
~ 4; husband ab a) ‏الماق‎ woman
cx PRINT
‏ل‎ 0
‏ا , لل مم‎ 1 women (plural
4.8 aunt (father’s sister) 3 ‏النسًا‎ fron 3 01061601000
35"	madinah-arabic-book-3-key
40	"LESSON 15
In this lesson we learn the following:
1. The plural of ‏انت‎ (you) (feminine singular) is a 1
Who are you, sisters? ¢ ‏من | 28 1 خوَاتى‎
Pa 2 72 © 7
We are the imam’s daughters. ‏نحن با ت | لما م‎
& 2
2. The plural of 4 (your) (feminine singular) is ‏.كن‎
‏وي‎ > or 3
Where is your house, ladies? ‏ات ؟‎ A SS ‏بين‎ |
Our house is near the mosque. ‏المَسْجدٍ.‎ pr Co Fee
3. We have learnt ‏هبت‎ 3 (you went) (feminine singular). Its plural is tom 5, e.g.
. . A ‏م 1ح 1 ك7‎ 4 . of
Where did you go, sisters? ‏ت ؟‎ yes 5 ‏اين ذهبتن‎
2 ° ‏مه‎ 2 P o£
Where did you go, brothers? ‏ن ؟‎ Vo) 5 Er ‏إ ين د‎
4. ge means «before», AR means «after». They are always muddf, and the noun
following them is 9s, e.g.
° @ ‏بر © و‎
after the lesson ‏بعد الدرس‎
before the prayer ‏إ لصّلاةٍ‎ Js
5. ap means «he returned».
Has the imam returned from the mosque? ‏المَسْحدٍ ؟‎ oF ‏إ لإمَام‎ Fd)
‏الأذانء وَرَجَعْتٌ بَعْدَ الصَلَاةٍ.‎ IB snl) ‏إلى‎ Eas
I went to the mosque before the ad/ian and returned after the salar.
40"	madinah-arabic-book-3-key
36	"Part C
0 p 2
In this part we learn that the plural of ‏لك‎ > and ‏تلك‎ is El (those). Note the
2
waw (9) in ‏اولك‎ 1s not pronounced. The word is pronounced 1/7 7/6.
36"	madinah-arabic-book-3-key
41	"2 ” ‏ير‎
‏القاهرّة‎ Cairo ON! now
2
Pose ‏ا ا‎
‏لاسْبوع‎ | week ‏لإختبَارٌ‎ | examination
Sd
Sy yl) lesson
41"	madinah-arabic-book-3-key
27	"LESSON 11
This is a revision lesson. It contains only two new words: Lg. / as and ‏اجحب‎
‎1. ‏فيه‎ means «in it», ‏:ع‎
‎Who is in the house? ¢ ed ‏فى‎ iY
2 1 ‏يي‎
‎There are my father and my mother in it. . ‏فيه | بى و م‎
2. The feminine is ‏,ِقِيهًا‎ :
° 2 « ©
Who is in the room? ¢ ‏من فى | لغرفة‎
There is my brother in it. ‏إ خى.‎ led
. 2
3. ‏حب‎ | means »] love, I like», ‏زع‎
‎I love my father, my mother, my 1 ‏ا‎ PE i : A . i 3 i |
brother and my sister. ISDS) ET
The object of a verb is ‏مَنصُوبٌ‎ i.e., it takes «-a» ending. But it does not appear in a |
noun which has the possessive pronoun of the first person singular attached to it. Here
are some examples of the object without the possessive pronoun of the first person:
M 3
(uhibbu l1ah-a): 1 love Allah. ‏الله.‎ Es
A
(uhibbu r-rasiil-a): I love the Messenger. : ‏لرَسُولَ‎ | So |
(uhibbu rasiil-a llahi): I love the Messenger ‏ب""‎ | 1 5 ar & ‏ا‎
‎of Allah. ‏جب رسول «: بار‎
. . . ‏و ب‎
(uhibbu 1-lughat-a I-‘arabiyyat-a): I love the Arabic “Eo >1١ 4 ‏ة؛‎
‎language. ١ iy | ‏حب اللغة‎ ّ
Here we can learn ‏تحب‎ (you love) (masculine singular).
27"	madinah-arabic-book-3-key
37	"LESSON 14
In this lesson we learn the following:
1. The plural of Jl (you) (masculine singular) is ‏نتم‎ |, e.g.
0 2% °o
Who are you? § ‏من إ نتم‎
7 0 2
The plural of & (your) is ‏وكم‎ e.g.
. 2..° _ © y fe. oF
Brothers, where is your house? ‏تن ؟‎ ye 5 SE CR
2. The plural of G! (I) is ‏نحن‎ . Like ‏انا‎ its plural ‏نحن‎ refers to both the masculine and
‘the feminine, e.g.:
We are Muslims (masculine). . ‏نحن مُسْلمُون‎
‏ل‎ ° o ~
We are Muslims (feminine). 0g hot ‏نحن مُمْلِما‎
We have learnt that = means «my house». Now we learn that «our house» is Las,
bayt-u-na, e.g.:
‏الح‎
‎Allah is our Lord. . ‏الله ربا‎
Islam is our faith. . ‏إ لإسلام > ينما‎
BY RE ‏بره 2 رض ار‎
. ‏نبينا‎ - oy “le ‏صلى الله‎ - RYE
Muhammad (Peace and blessing of Allah be upon him) is our
Prophet.
3. EY means «you went» (masc. sing.). Er 5 means «you went» (masc. pl.) e.g.:
Where did you go, my sons? ¢ ‏ابنائى‎ 5 er 3 0
4, EIS 5 means «I went». And «we went» is Loa 3 (dhahab-na). Note that «they
37"	madinah-arabic-book-3-key
28	"|
Pet 3 ‏َو‎
‎Do you love Allah? ¢ all Col
SA ‏كو وى‎
Do you love your language? (lughat-a-ka) ‏؟‎ Glia WIEN)
‏م اله‎ 9
Whom do you love? ¢ ‏من تحب‎
‏ال ب‎
What do you love? ¢ ‏تحب‎ 13
NOTE: The words op and ‏مَاذا‎ do not have the «a» ending of being the object
because they are indeclinable, i.e., they remain unchanged.
28"	madinah-arabic-book-3-key
42	"LESSON 16
LESSON 16
In this lesson we learn the following:
1. In Arabic, nouns are classified as (1) rational and (2) irrational.
They are also called intelligent and unintelligent.
Rational nouns are those that refer to human beings. Angels, and such beings are also
included in this class. Irrational nouns refer to things, animals and concepts.
In the singular there is no difference between these two groups. In the plural, however,
there is a very important difference.
Plurals of rational nouns are treated as plural, so plural words like «they» and «these»
are used to refer to them.
Plurals of irrational nouns are treated as feminine singular, e.g.:
Rational Cs ©)
, x ‏ىا‎ P 1 +
Singular: : ‏هذا طالب جديد» هو صَغيرٌ‎
ٍِ ‏و 2 تم وه‎
Plural: . 3 ‏جدد )6 هم صغا‎ Sb Yh
Irrational ‏عاقل)‎ 2%)
. ‏ب _ 2 مر‎
Singular: ‘ ‏هو صَغيرٌ‎ (gd ‏هذا كنا ثب‎
‏يآ را ار‎ rr ‏ى‎ 2 s
Plural: ‏جديدة) هئ صغيرة.‎ Cs ‏هده‎
‎So regard the plurals of irrational nouns as feminine singular.
This is the basic rule. There are exceptions to this rule, which you will learn later on.
2. We have learnt some patterns of the broken plural. Here are some more:
- LL 2
elas ‏مَُسَاجد مسحد‎
(1a2a3i4-u) masjid-u-n masajid-u
This is without tanwin EEE 5
daftar-u-n dafatir-u
42"	madinah-arabic-book-3-key
43	"LESSON 6
ow . 2 2 ‏و‎ 2
ed | river ‏لفندق‎ | hotel
9"" 4 ‏جم م‎ ٍ
‘mJ! sea ‏الطائرة‎ airplane
43"	madinah-arabic-book-3-key
29	"LESSON 2
In this lesson we learn the following:
1. We have learnt before ‏انت‎ (you) for masculine singular. Now we learn ‏نت‎ | (you)
for feminine singular, e.g.:
‏م ال‎ of o£ °
Where are you from, Aminah? ‏من اين انت يا امنة ؟‎
The possessive pronoun from ‏نت‎ is 3 «kin, e.g.
Where is your house, Maryam? ¢ ‏مَرَيّم‎ 5 Sag ig""
2. We have already learnt that the possessive pronoun from i! is 5), e.g.
‏ير‎ ~ rd ‏م‎ , oF
Where is your house, Bilal? ‏إ بن 25 يا بلال ؟‎
We have already learnt ‏هب‎ 8 (he went), EI 3 (I went) and 2a 3 (you went).
Now we learn EI 3 (she went), e.g.:
A EF
Where is Aminah? ‏؟‎ Lal oR
She went to the university. . ‏إلى الجَامعَة‎ EY
If the subject is mentioned, the pronoun «she» has to be dropped, e.g.:
Maryam went to the school. ‏مَرَيّم إلى المَدرَسَةٍ.‎ EY
In RE 5 the last letter ‏ث‎ has sukiin. If a verb like this is followed by Ji the sukiin
is changed to kasrah, e.g.:
The girl went. . ‏ذهبت | لبنتٌ‎
3. We have already learnt ‏ي‎ A | (who, which) for masculine singular. Now we learn
‏لتى‎ | for feminine singular, e.g.:
3 USE y “Yo _ JE ° 1. Ki 5 @
The girl student who sat in front of the lady teacher is from Germany.
29"	madinah-arabic-book-3-key
38	"LESSON 14
went» (feminine) is ‏هبن‎ 8 (dhahab-na). The difference between the two is that in
‏ذ هبن‎ the final «a» is short, and in Lia itis long.

5. We have seen that the feminine proper nouns have no 1017117771, e.g.:
A ‏و 2 م‎
. ‏مَرَيّم‎ (Lal (dod
Now we learn that the non-Arabic proper nouns also have no ranwin, e.g.:
: 2 0 4 21
(William) 9 OLRLSE ‏لندن»‎
‎The names of most of the prophets are non-Arabic, and therefore they have no
tanwin, e.g.:
2 ‏2ن‎ 2 7 0 2, 20[0 _o Pe
. ‏يُعقوبٌ‎ ¢ Js ‏سما‎ | qe) ES | ¢ ‏اد م با هيم‎
If, however, the non-Arabic proper noun has only three letters, and the second letter
is sakin (i. e., has no vowel) and is masculine, it has 1077011777, e.g:
Ne os 0) +1 om A
‏خان.‎ (George) ‏لوط » جرح‎ ‘TH
6. We have learnt that the mudaf is definite by position. So, when the mddf has an
adjective it must be definite, e.g.:
A 2 02 2 ‏ده‎
‎The imam’s new house. . A) ‏لإمَام‎ ١ ‏بيت‎
‎Here IW is mudaf, and it is definite by position. The same applies to ‏عغطا‎ 7
pe .. . 4 ‏ل‎
‎whose mudaf ilavhi is a possessive pronoun, ‏ببثه الجديد ع‎ (his new house).
Note the following:
2 2 2 ‏م‎ or
The imam’s new house. . ‏لإمَام إ لجدِيد‎ ١ ‏بيت‎
‎. 7 2 N 2 or
The new imam’s house. . Ld] ‏مام‎ 2 ١ ‏بيت‎
‏م‎ . . .
7. ‏اي‎ (which). Tt is used as muda, e.g.:
“ ~ or 3 £
Which house is this? (ayy-u) ‏بيت هذا ؟‎ its
38"	madinah-arabic-book-3-key
44	"LESSON 7
This is a continuation of lesson 16. It contains no new constructions.
Note that the plural of ‏حِمَارٌ‎ is pres and also “o>.
| i ‏م‎ .
‏ل اله كد الش كد‎ director of the
‏لشركة‎ company ‏مدير لشركة‎ company
2 ‏ص‎
‎“yas, cheap ‏يَابَائيّةُ‎ Japanese
‏م 8 كه م ال‎ .
‏(جَ قمصان)‎ yaad] | shirt
44"	madinah-arabic-book-3-key
